"PC1","PC2","PC3","PC4","PC5","PC6","quality","pred"
0.766743867887353,-0.661425241448743,-1.91235875293439,0.589477424616897,-0.29072211286786,0.383648638592099,6,4
0.198734606093335,0.761813178329038,-1.21337567750938,-1.45579870966631,0.781185479434655,0.0586413438888074,6,3
-0.126023066884583,1.20653269544318,-1.11058403348535,-2.46968365676273,-0.738308952540637,0.13053608204021,5,3
0.162457949199643,-1.86489651975899,-0.485263442141678,-1.43800754767216,0.176304827293584,-0.0733180798603182,6,5
2.50265429295404,-0.249837585890721,-0.274681456933083,-1.74625109813991,1.00325101327864,-0.586264014638877,7,4
2.50265429295404,-0.249837585890721,-0.274681456933083,-1.74625109813991,1.00325101327864,-0.586264014638877,7,4
1.49529550016403,-0.685083921378014,-2.30197151108964,-2.21785927251491,-1.80242797476426,-0.91682575941277,8,3
0.597683971483425,-0.903563770370766,0.500453739029963,0.170038036917554,-0.364007076475501,-1.68282270765474,6,4
-0.595038386581817,-0.290127216002898,0.756609204050652,0.709421476351771,-0.261089814838775,-0.945036662993865,6,4
1.00993328344272,-1.49946537353639,-0.441714455685642,1.2022636120185,0.815275629054692,-0.542977948645066,7,4
1.88622345238377,-0.0442478341302852,0.967417988768889,0.167673509271464,-1.32933230397219,-0.656332309405081,5,3
1.13625724248153,0.389244649979504,1.58355455130611,-1.36967715420024,0.333188591400435,-1.46582504922109,5,3
1.13625724248153,0.389244649979504,1.58355455130611,-1.36967715420024,0.333188591400435,-1.46582504922109,5,3
0.677326478310404,-1.70730439382315,-1.04949878092189,-0.191930771811173,-0.79028534172263,-0.454225257863734,6,4
-0.330744504954946,-0.992037578101331,0.0631802193346292,0.401508284156051,-0.913400401573421,-0.425094836918944,6,4
-1.06719092061353,-0.124897679327543,0.191022408975155,-0.434310557466683,-0.250119057984589,-1.20138697256405,6,4
-0.330744504954946,-0.992037578101331,0.0631802193346292,0.401508284156051,-0.913400401573421,-0.425094836918944,6,4
0.00538459445841592,-1.2674221496796,-0.190077494607405,0.499386751837391,-1.28475726137308,-0.50887976956851,6,4
-1.09402318964447,-1.22940694312076,-0.35905188629012,0.386497658191209,-1.62710365226176,1.10696274069989,5,4
0.360748046756214,-1.89457363539677,0.385734729518929,-0.739458122926553,-1.74150180326858,-1.12260737900592,6,4
0.881667582771339,-1.91883274654064,-0.219881540802877,0.405024082307072,0.736380510921307,0.004247570047251,7,5
0.9115666087062,1.81446482313446,1.59955800530249,2.57723522569145,-0.937178901554266,0.483286635687083,5,3
-0.0428891548894948,-0.201266547527775,1.44481803046433,-0.979545870000151,1.08580369025396,0.45941864252334,6,3
-1.21053052871981,-0.15110169161588,-1.1968750193479,1.29566617373439,0.375345127872725,-2.52397241164034,7,4
0.0867929284887148,-1.75947836432383,0.253117375567047,-1.2157803313748,0.378061295004832,0.278316960712848,6,5
1.47724064444669,-0.797028763341525,1.35656571770952,-1.67746518884228,0.599319015318771,-0.411024853521074,6,3
-0.231725459263008,0.604754128252373,0.490007698763558,1.62915177055351,-0.60351664687948,-0.812353169667125,6,3
-0.231725459263008,0.604754128252373,0.490007698763558,1.62915177055351,-0.60351664687948,-0.812353169667125,6,3
-0.231725459263008,0.604754128252373,0.490007698763558,1.62915177055351,-0.60351664687948,-0.812353169667125,6,3
-0.947775766501542,-1.53778796081881,0.0597268930570796,0.201791425470182,-2.36947739212748,-0.744136950603164,6,5
-1.78874969559175,-0.819980197471935,0.635032050148037,2.09873792554497,-1.67141754398149,-0.274677281854585,5,4
0.0170529242958132,-1.75895201711922,0.157416333677974,1.43587973038922,-1.88687155248661,-0.819367310620345,8,5
-1.46320596592343,-0.702278454832813,-0.0872683755309594,-0.117990605786998,-0.970951774806605,0.00366414529731086,6,4
-2.02184390903791,-0.856496033078281,-0.337059668801932,-1.36674594367546,-1.28419970321312,0.0145254105189801,6,4
1.57668539284534,-0.65700188859617,0.0936565483098538,-0.645691815901334,-0.4218449497385,-0.0747044036583326,6,4
-0.795260639935636,0.180712018185039,1.12249668670171,2.15102991161447,0.495033438677592,-1.93374765631444,4,4
0.423843867902068,-1.7272738147418,0.163929912286902,-1.71358621209629,-1.01894503213183,0.342000620454167,7,4
-1.34722188727968,-2.4670931525845,0.661385207684777,-0.0952686875230335,-1.8532981399917,-1.70444828338636,6,5
-1.25601993306478,0.803740819293541,-0.825298752148821,1.8980553424106,-1.39605480540416,0.52793052391207,6,4
1.94122756460281,1.28108859675741,-1.57512101940777,0.269528554418767,-0.155578030044319,-0.219753161304134,5,3
2.16268598322649,0.849891048797202,-1.3187381886363,1.55196247251211,-0.971512237472592,0.0622695502890566,6,3
0.464517763154621,-0.159778571087692,1.5227721052446,-0.0843510216801661,0.352869938994345,2.11747548747026,6,3
-0.366250256771361,-2.23851485176957,-1.14818958343786,0.862966340016909,0.24065259784407,-1.230079782358,7,5
0.397980901442638,-2.02763543922765,0.403063353935898,-0.196317694714492,0.445893439783515,0.0927524083412848,7,5
0.0628759532829936,-1.25627413869987,-0.922927844068828,-1.07031755820711,-0.637461035370693,-0.643142225294744,6,4
1.65710156514299,-0.975700319265132,0.73814115275957,0.719911575883987,0.499919096260108,0.32776439020458,6,4
1.65710156514299,-0.975700319265132,0.73814115275957,0.719911575883987,0.499919096260108,0.32776439020458,6,4
0.726036329511132,1.08763635184931,-0.543331931823977,-0.644573038469992,0.709658222184167,0.358188327533122,6,3
0.298725401500967,0.899180479376895,-1.50894481473256,-1.46531378656469,1.23020261921482,-0.301917914819987,6,3
0.951028362004395,-0.236563130409692,-1.6562530233139,0.721455657805675,0.606673583119387,-0.119853925390513,6,4
-0.688893937860616,-1.44821472924967,0.649157516642945,0.569157933700191,-0.890309052128154,1.55871754293667,6,3
0.0172691275719358,-0.999098505362285,-0.348725510692772,0.269860846641704,2.84919624062556,-0.0398744601942232,6,4
0.000213242958620167,0.412427708702816,-1.77835500694098,-0.635964448986136,0.089131143916057,0.423738420094928,5,3
0.831343293203127,-0.436143138188454,-1.92393944320231,0.740747143288909,1.43130021478592,-0.333696439898932,6,4
0.440727463582031,-0.974499323992548,0.298649721275016,0.522559743862941,-0.0438135122181585,-1.57557740018213,6,4
0.990067921580954,-1.61730492891958,0.85947481352374,-0.385432666112591,-1.65587950930578,0.49836556584858,6,4
0.508086571875033,-1.99122933315127,0.128450681432602,2.16618153600358,-1.01097819787393,-0.158041269923711,7,5
-1.2116943813896,-0.873916056923331,-1.04894981030476,0.943633746518564,-1.58940992980537,1.63269477789256,6,4
1.22876898857843,1.31336551657104,0.969324400456702,-0.0238382094170286,-0.618235094074536,-2.67884566618826,5,3
1.12755932170559,-0.398426973823421,-0.176001357637975,-0.0918753700752515,-0.31745852895625,-0.418721633608322,6,3
1.22876898857843,1.31336551657104,0.969324400456702,-0.0238382094170286,-0.618235094074536,-2.67884566618826,5,3
-1.67625067858416,-1.468189541665,-2.00696994810301,0.659431607057077,-0.171750669369576,1.31221214244235,7,4
2.08560574697522,0.0808387221443574,0.239330815850053,0.329563049356787,-0.104771013904518,-2.11405341218154,5,4
2.18360011418574,-1.0995834299499,0.446737218680355,0.435198810277404,-0.281824570121569,-0.681283764034005,7,4
0.868162044482642,-0.933105111977834,0.465582743689107,-1.22553079624446,1.25205088653631,-0.2191005525183,6,4
0.915659473327336,-1.57617627583048,-0.0328239155386112,0.221298535689186,-0.901492486009984,-0.723245811392371,7,5
0.528788163247477,0.405100171996968,1.12526974118484,-0.0896138825507974,0.873063011818288,0.92122800643315,5,3
0.528788163247477,0.405100171996968,1.12526974118484,-0.0896138825507974,0.873063011818288,0.92122800643315,5,3
2.26028763138308,0.144931593340162,-0.0508962636525859,0.34548330893722,1.80692903793298,-1.40071483907442,5,3
0.619639450411132,-1.30401878848197,-1.93999842939059,1.20872630734082,0.178813831604573,-0.201789839981818,7,4
0.0357952680600533,-0.935398099308789,-0.12188848760519,0.733698080294835,-2.37281203183955,-0.538449814175194,6,4
0.307451606928895,-0.602969780067487,0.840152990755834,1.03099249405774,-0.687291267851301,-1.24631087679011,6,4
0.959847029993311,-1.2159839325738,1.02346199298222,-0.962393847398162,0.646056771627227,0.753589602201408,6,4
-0.59209578740548,0.533368114649965,-0.608137262500973,0.581699116686013,0.346711396243249,0.0299876636385717,6,3
1.17653841056679,-1.62218608034931,0.443699995689586,0.934417093486702,-0.206051145181021,-0.0172054970803532,6,5
0.37049550372863,0.642197228622567,-0.895514451649989,-1.21636599193163,1.27201541251201,-0.392733598421578,6,3
0.37049550372863,0.642197228622567,-0.895514451649989,-1.21636599193163,1.27201541251201,-0.392733598421578,6,3
-1.18222825591044,-1.27913431856935,0.75761951906152,1.59045860226573,-1.38853027492953,1.30260009879474,7,4
-2.34829012364041,0.222521287900953,-0.771961629243232,1.15607477256823,0.249923311374401,2.80311989600254,5,3
0.925872799304777,-0.795422852410536,-0.496121664196224,0.798501347676536,0.532552943509112,-0.211179282960399,6,4
0.925872799304777,-0.795422852410536,-0.496121664196224,0.798501347676536,0.532552943509112,-0.211179282960399,6,4
0.750739378663608,-1.28982655144058,1.27689515609618,-1.34688745701057,-1.65522178205581,-0.195919870848002,5,3
1.30502809917282,-0.140310686443516,-2.28457445913052,0.523657851531755,1.20597574357199,1.57767810848,6,4
-0.394128845491444,0.991899646847673,0.256925024222049,-1.37293267909704,0.685370520708568,0.742476736241078,5,3
-0.152860647241537,0.813051708096058,-1.09581526711927,0.0662693119041015,-0.167157438850944,-0.165104706522061,5,3
-0.279183876663146,-0.56273990344505,0.581277202364697,-0.232076173592991,-1.96185132241058,-2.02569124859178,6,4
-0.279183876663146,-0.56273990344505,0.581277202364697,-0.232076173592991,-1.96185132241058,-2.02569124859178,6,4
-0.152860647241537,0.813051708096058,-1.09581526711927,0.0662693119041015,-0.167157438850944,-0.165104706522061,5,3
-0.158338821175498,1.32281513027445,2.14007899472637,-0.358467003988287,-0.640146031758184,1.32046450274833,4,3
-0.123062661370465,-1.84330378595591,-0.92138584570638,1.62277433974944,0.0658717320904289,-0.342575641467345,7,5
0.333348037996751,1.91306557071217,0.399661402569177,-0.543574845131976,0.332278979910995,-2.16860687319663,6,3
-0.312871119826341,0.721236204331645,-0.429499931282375,-0.701350988151563,1.18952783557039,-0.593121931483023,6,3
0.688841907723612,1.44308558942405,-0.933534979918037,-0.884932118406175,-0.510768042476815,0.762117591141096,6,3
0.0637278744101081,-0.336679496817293,1.72618653256311,-1.53181458076539,-0.144948536082884,0.148255439908192,6,3
0.418207405961192,-1.05974395856706,-1.34452455031017,-1.10145214770045,0.232677688330869,1.15737858077535,6,4
0.688841907723612,1.44308558942405,-0.933534979918037,-0.884932118406175,-0.510768042476815,0.762117591141096,6,3
0.0637278744101081,-0.336679496817293,1.72618653256311,-1.53181458076539,-0.144948536082884,0.148255439908192,6,3
0.183050663284553,-1.37436976779285,0.971644824702445,-0.64733411150279,-1.00860978115071,-0.409536445234743,7,4
0.350038359924834,-1.55287507230544,0.643698490891797,0.165186146704474,0.093324440159322,-0.0904620409093852,8,5
0.402156410605605,-0.949846923660915,-1.31914108227835,0.354169217393549,1.24306968024048,-0.395818371652808,7,4
0.402156410605605,-0.949846923660915,-1.31914108227835,0.354169217393549,1.24306968024048,-0.395818371652808,7,4
0.402156410605605,-0.949846923660915,-1.31914108227835,0.354169217393549,1.24306968024048,-0.395818371652808,7,4
0.402156410605605,-0.949846923660915,-1.31914108227835,0.354169217393549,1.24306968024048,-0.395818371652808,7,4
-0.149501852122223,-1.48479867349365,-0.511131413953805,0.75841904157246,1.47764873440153,-0.67098234652646,7,4
-0.500638558055405,0.244306277894621,1.11537730846879,0.606897653411962,0.175987652725189,-0.162410967601905,6,4
0.0210546609599996,0.727832138806757,-0.406362430393542,-0.757398253341638,0.563269387084246,-0.176889514396119,5,3
-0.500638558055405,0.244306277894621,1.11537730846879,0.606897653411962,0.175987652725189,-0.162410967601905,6,4
1.47464475252843,-1.21486256509595,0.790220812823986,-0.302757354142913,0.693980008710523,0.365639674270478,6,4
1.68137642616698,-0.688076721030894,1.30817379687029,-1.24999322473159,-1.1661968544018,-0.694367659946097,6,3
1.01428010294028,-0.613580503530422,-0.285516608609752,-0.464331825241292,-1.0488174104997,-2.29351674950162,6,4
0.741431548677584,0.744424867783621,-0.182545244868994,-0.480330246098259,0.740600958449804,0.268086432801201,6,3
0.799145144926679,-0.604251940777856,0.565830976386091,-0.170520008400943,0.510800883024089,-0.778623574130934,6,4
0.319297086353338,-1.6341868359172,-1.06100745763211,-1.98862909567366,1.08467557520083,2.04163123797747,6,4
0.493115604014326,1.68722129753959,-1.21306815077326,-1.46525929215084,-1.08543413584705,0.416911128398618,6,3
1.51324607991411,-1.57953182479758,0.0492615035105141,0.697339465076344,-0.212916478576604,0.114633808271212,6,4
3.09612043161222,-0.720213876816378,0.394828192066582,0.759401423808629,0.690537140389401,1.11561462972656,6,4
1.80432028187461,1.73258358540964,-0.290528154711987,-0.304677729286009,-0.75210994280333,-0.0068816061952812,5,3
1.34850013159239,0.664477791282448,0.975511493186185,0.529263508068877,1.46303861932839,-1.23405980499338,5,3
-2.67288595581488,-1.56686908763581,-1.73429098550928,0.547441273014984,-0.491091152595704,0.417363033602861,7,4
0.536832261537761,0.670953695315548,-0.585781492558369,-0.459060173641352,0.813232423049649,0.20563018565141,5,3
0.44240318490383,-1.378789525732,-1.32343525301839,1.07375638109563,-0.326239633730762,-0.314451900846335,6,5
0.536832261537761,0.670953695315548,-0.585781492558369,-0.459060173641352,0.813232423049649,0.20563018565141,5,3
1.28218504995678,-0.370421977036036,0.287916026912903,-1.57076286392115,-0.793948626086208,1.14042490243835,4,4
-1.63469360224415,-0.492640261056048,0.977187356292909,0.595813654471984,-3.06478534346091,0.602938695433709,6,3
0.0903128445373825,0.267886002382459,1.34442996266009,-0.62016810769962,1.20924180419617,0.724141407223326,6,3
-1.63469360224415,-0.492640261056048,0.977187356292909,0.595813654471984,-3.06478534346091,0.602938695433709,6,3
0.227659242365886,1.65338222161592,1.23015110942358,0.846512248874992,-0.457086314868403,0.763078507822366,4,3
0.0614133306712946,1.42683329116621,-0.501053913760527,-2.86015114818657,-1.38586684705716,0.231378721126095,5,3
1.69639387710854,0.623815246851659,-1.0661096178141,-0.764641548641133,-0.740174595627733,0.386835578143036,5,3
0.335324043150622,-1.49154073848691,-0.272628599426775,-0.617641786898046,-1.66868216978128,0.586070128594792,6,4
0.914522123374742,1.39515471217618,-0.221331124750294,0.326704086738114,0.362611977731348,0.446805037247998,5,3
-0.106332781394782,0.213138447040023,0.18312461264893,0.32944585627304,1.24351400416374,-0.419958747591713,5,3
-0.0832790896350013,1.16629514148239,0.830420958512965,-1.39473363392714,-0.967603778334936,-0.362893354554779,5,3
-0.106332781394782,0.213138447040023,0.18312461264893,0.32944585627304,1.24351400416374,-0.419958747591713,5,3
0.0575520443686742,-0.53762329385569,-0.809484175612156,0.58641872573359,0.550200945274412,-0.970818581733593,6,4
-0.561339486347593,0.577272180751491,-0.279567320833349,0.633976191922793,-0.286894904009482,-0.112665347210398,6,3
-0.561339486347593,0.577272180751491,-0.279567320833349,0.633976191922793,-0.286894904009482,-0.112665347210398,6,3
0.180882580070484,1.11161872386086,-0.622874530990958,-0.535974670453659,-0.130127935980016,0.439249576538205,5,3
-0.293539492063049,0.832874948282593,1.73529099742402,-0.396227590049304,1.38836755227565,-1.30272403981325,5,3
-0.297063588635003,0.469609772569665,0.0603981634370527,0.521098322585058,0.712036167737753,0.390631129600885,5,3
-1.36541596836855,0.755366420462487,-0.361552088154976,0.20577037678411,-1.68962781238846,0.110316705173933,5,3
-1.64029781095173,1.12784785672064,0.800945167854627,1.34293829198812,-0.33849403634115,0.0669410159721175,4,3
1.60906478408652,0.939237652592455,-1.29651022423913,-0.826188812663815,-0.876553860601972,0.519693542706474,5,3
0.178448026872704,1.81983959141443,1.30592442315582,0.444160184496682,-0.218364066616496,0.225210415628745,4,3
-0.0238889778272216,-1.06022380937779,-1.20702046755428,-0.489932333939752,0.0447801757788233,0.111480745569158,6,4
-0.20656616424769,0.652284752705015,0.244689261531851,0.54065599456745,-0.0256775959123107,-0.256271583919203,6,4
-0.20656616424769,0.652284752705015,0.244689261531851,0.54065599456745,-0.0256775959123107,-0.256271583919203,6,4
1.73978227498316,-1.64014797702391,-0.183216295412985,0.559372152154517,0.247930389000369,0.96802776764249,6,4
0.176771819057943,0.709211541320982,-0.333761011910519,-0.658749893980672,0.545702009724828,-0.54027946936431,6,3
-2.44665916823159,-1.79873666495818,-2.36162948108338,0.280165992723227,-0.727587949596712,0.7605031319873,8,4
-2.89904280167269,-2.03481377600904,-1.80911226772735,0.439335071258604,-0.2214787023961,-0.214967949022338,6,4
-1.00782678238295,-0.814642357096803,-0.909292159305613,-1.47267615405189,-0.944589613492971,0.99575722661238,6,4
-1.34205041120748,0.243296500972041,-0.465048286832635,-0.276063891991469,-0.432047813483118,-1.08086899878246,5,3
0.184617245669351,1.14726406069888,-0.314567646425126,-2.19268248821512,-1.39079275227691,0.441202344664202,5,3
0.0945650256905077,0.550020182909647,0.332001255132003,0.0444661533128458,-1.23097805381644,-2.10034770091308,6,4
0.55428700674195,1.48719973604231,0.034667515857728,-0.43739007803551,-0.715837595810277,1.04792515083607,6,3
0.126706581984601,1.26208564374337,1.83674205832815,0.781465028321569,1.03509065094488,-2.44928682805957,6,4
0.55428700674195,1.48719973604231,0.034667515857728,-0.43739007803551,-0.715837595810277,1.04792515083607,6,3
0.87921356517844,-1.82683517726841,1.12291874170497,-1.1374556268466,-1.07147993668148,0.133698325008385,7,4
-0.127394554362222,0.347857913799295,-0.886162964767435,-0.673562501197454,0.398416247860872,-0.294586433623878,6,3
-0.127394554362222,0.347857913799295,-0.886162964767435,-0.673562501197454,0.398416247860872,-0.294586433623878,6,3
-0.162507239833967,0.45986771542161,1.01124609816657,0.998518125432841,0.473624030234045,0.147572786741749,6,3
1.21497115465476,1.31762505413092,-0.418297305420939,0.91653806188229,-0.557918433743415,-0.416185297355848,6,3
-0.28509200418334,-0.157144539923459,-0.155912203170498,0.120430918700331,-0.751221317429363,-0.306727482681534,5,3
2.04004851645595,-0.0384262542042638,-0.163518862313326,-1.37876662705992,-0.517638908464885,-0.623324015608214,5,3
0.0217413670758541,-1.6547200917323,-0.666375359520464,0.183983358186193,-2.13847053348572,-1.34073364468993,6,5
-0.735648088896356,-1.06688623178353,1.41793953815909,0.814775735759143,-4.02514050962439,0.675946681141855,5,3
-0.324553318062756,0.58130707753071,1.49553131126731,0.904618678753486,0.0142507881202411,-1.53507900548394,5,4
0.122505477673141,0.416640364625791,-0.839404950856902,0.256964818038408,0.477429028164852,1.00384792679906,6,3
-1.39103113981975,-1.2939566516782,-0.421568863913509,1.56747552430608,-0.403464590222673,0.0984700160232471,6,5
-0.16717126752667,1.14359058126237,1.87008871904262,0.0856794472198822,0.0871012554798735,0.0316902219381811,4,3
0.122505477673141,0.416640364625791,-0.839404950856902,0.256964818038408,0.477429028164852,1.00384792679906,6,3
-0.817217288741047,-0.911222431618543,0.0477502331546693,0.309353956048057,-1.19431624367577,0.0918145984087338,6,4
-2.05110139006712,-1.01119689055485,0.774323629370729,-0.444096689223217,-0.666192907126628,-0.492760538782441,6,4
-1.97020209128887,-0.0342086858211666,0.0192003868548518,2.19717491840708,0.037452270568074,-1.12248661963911,6,4
-0.845088735548789,1.06882736999978,-0.446204071897432,1.88071218547662,0.933227987838072,-1.08070300680309,6,3
0.766855142141984,-1.57347851185456,0.499247183111886,0.674778546784816,0.753110310229894,0.58689004971939,6,5
0.425009156173169,-0.495104902030375,-1.525775333025,-1.04910556577678,-0.0432206940108795,-1.22839193045384,5,4
0.447070860872106,1.97341877004239,0.157158553579352,-1.0757732309604,-1.6350664255546,0.110455387687204,5,3
0.108544080761055,1.2079635343058,-0.776196583541852,-1.40900254472082,-0.505351161528689,0.579519015389195,5,3
1.28481522276397,1.57162689948172,-0.915196968994637,0.305008555707474,-0.521944090002797,0.633163055965349,5,3
1.28481522276397,1.57162689948172,-0.915196968994637,0.305008555707474,-0.521944090002797,0.633163055965349,5,3
-0.312814802219565,1.08232411365425,-0.364350458754301,-2.01750805985468,1.00564087380036,0.723736858400923,5,3
0.108544080761055,1.2079635343058,-0.776196583541852,-1.40900254472082,-0.505351161528689,0.579519015389195,5,3
-0.72074974639684,-1.00466172977479,-0.121038999130478,1.92844103831989,-2.58578057508438,-0.0311762312617288,6,4
-0.484167641626215,1.66183974438176,1.17823086825203,0.151696405353455,-1.31218917136853,1.01172920176438,5,3
0.138717663010202,0.715861201210269,-0.623100419045907,-0.284228946683243,-0.399910581308117,-1.27663763352729,6,3
0.138330281351411,0.863004397041734,-0.919595867793987,-0.273384114134514,-0.594497153298597,-1.20957456400218,6,3
0.402720046323413,1.25464783651489,-0.509440240209957,-0.921245177107033,-0.335917684835259,-0.0694752416084041,6,3
-3.4934643864748,-0.770627026267526,-0.147147584363968,0.45154082742622,0.6290661916403,1.32522604861904,6,4
1.54833987738697,-0.731780193217583,-0.0203068281575962,0.505056142318107,-0.753100192540253,-1.0160932104782,6,5
0.402720046323413,1.25464783651489,-0.509440240209957,-0.921245177107033,-0.335917684835259,-0.0694752416084041,6,3
1.58815832368216,1.35990577826264,-0.437036919210192,0.782510083472635,-0.353220195374943,0.0824384754718717,5,3
-3.57402710341208,-0.755407965271989,-0.158063266467221,0.460190544408628,0.656520290866956,1.24822831683732,6,4
0.486927909936194,-1.64730268032043,0.621320634694048,-1.26243005874439,-1.4050595830333,0.311789470992844,5,4
0.759132746701954,-1.26857662960261,-1.03818959594396,-0.9943844529365,0.545187072003422,0.941281380865019,7,4
-0.367301537591424,-0.170903190249026,0.0377107024550072,-0.713274130056079,0.262151477789126,-0.819745101572918,6,3
-0.367301537591424,-0.170903190249026,0.0377107024550072,-0.713274130056079,0.262151477789126,-0.819745101572918,6,3
-0.367301537591424,-0.170903190249026,0.0377107024550072,-0.713274130056079,0.262151477789126,-0.819745101572918,6,3
-0.367301537591424,-0.170903190249026,0.0377107024550072,-0.713274130056079,0.262151477789126,-0.819745101572918,6,3
-0.337686427159794,0.682672298481868,0.695095053232894,-1.09591786843975,0.269976438217188,-0.0969674534110302,5,3
0.357297729606352,1.28936282702207,-0.542365015425617,-0.774560453450378,-0.465271621571445,-0.170357474356849,6,3
0.357297729606352,1.28936282702207,-0.542365015425617,-0.774560453450378,-0.465271621571445,-0.170357474356849,6,3
0.57084693346231,0.168507687138158,1.49358810854317,-1.89105916633199,-0.869332184625121,-0.320615265228619,6,3
0.942525651490111,1.36489260546232,0.850531436152615,-0.340877245499869,-0.762955229491175,1.14783519978963,5,3
-1.00925964751179,-0.50032198437953,-0.480323139946635,1.29059391582884,-1.15133317566906,0.0421116788673837,6,4
-1.18020200935922,0.255941604400602,0.96934094360992,-2.02493122145195,0.0770270408739344,0.569578254288104,5,3
-1.18020200935922,0.255941604400602,0.96934094360992,-2.02493122145195,0.0770270408739344,0.569578254288104,5,3
-1.18020200935922,0.255941604400602,0.96934094360992,-2.02493122145195,0.0770270408739344,0.569578254288104,5,3
-0.357404974364842,0.378224545714897,0.735831739740188,-0.533177031507508,0.0809034444871348,-0.917482106786652,6,4
-0.357404974364842,0.378224545714897,0.735831739740188,-0.533177031507508,0.0809034444871348,-0.917482106786652,6,4
-0.357404974364842,0.378224545714897,0.735831739740188,-0.533177031507508,0.0809034444871348,-0.917482106786652,6,4
-0.317371282588592,0.672663045279682,0.630031175333018,-0.618800666692459,0.022813644972131,-0.774239737762542,6,4
-0.357404974364842,0.378224545714897,0.735831739740188,-0.533177031507508,0.0809034444871348,-0.917482106786652,6,4
2.42188249354258,-0.371006190966691,0.802115272414852,0.325204330427517,-1.67640468409538,0.723460694135815,5,3
0.515424348901376,-0.145392108790988,0.660273894459654,-0.310980792122377,-0.824140515514916,0.830850872958156,6,3
-1.33627549490282,-0.504239358535153,1.09097156925864,0.918480377204751,-0.360123209720996,0.796916105421313,5,3
-0.384093849927506,0.979308669832549,1.89768897964961,-0.760665472786581,-0.506432156416296,-0.120257387572033,5,3
-0.384093849927506,0.979308669832549,1.89768897964961,-0.760665472786581,-0.506432156416296,-0.120257387572033,5,3
-0.446136413148465,0.924688716255095,-0.176258534510728,1.20326810133414,-1.27287536946596,-0.321596310775311,5,3
0.407145738498643,0.947305675504295,-1.10479417997535,-1.0914225867435,-0.322279922477182,1.27902601472913,5,3
-0.935543733296881,-0.165348622875581,0.507732567691963,0.400033928774039,-2.02375803808853,0.319627072109289,6,3
-0.152175953186884,1.3933179969724,0.544368112906352,-0.375720792713476,-0.497091365068955,-0.341014762335417,5,3
-0.152175953186884,1.3933179969724,0.544368112906352,-0.375720792713476,-0.497091365068955,-0.341014762335417,5,3
-0.192238424599783,0.658212327735007,1.08627773358375,0.369228779003611,-0.441024992601345,-0.0509982680810254,5,3
-0.166916388026402,0.010827778087025,0.987021508987053,-1.04317612141397,-0.563942068071778,-2.20343941290365,5,3
-0.19910746510345,-0.0438755003358293,1.12295607674599,-0.988633287262888,-0.564910746920276,-2.01928178090662,5,3
-0.17471517096928,0.563857357956224,-1.34632521009981,0.907584446426972,-0.25837737663655,-0.337423583560683,6,3
2.02408084502186,-0.301435354012717,1.14792076609268,-1.51559528630034,0.491646780892585,-0.478772011793361,6,3
1.37255695788977,0.742388031979182,0.527498206520202,0.65430349820525,-0.770706936519151,-2.22156116543179,5,3
0.418825963591315,1.81057961293431,0.532526185277626,1.08279279592495,-0.639741541603686,0.125729789802325,5,3
2.02408084502186,-0.301435354012717,1.14792076609268,-1.51559528630034,0.491646780892585,-0.478772011793361,6,3
0.283639907208948,1.43659964291119,0.674255110749385,-0.540096643014763,-0.877207894003143,0.63264164358772,4,3
-0.678468780989493,0.350774974710184,0.758376218678454,0.762365335145399,-0.594178303771227,-1.87914930886363,6,4
1.11482085202785,1.37285999393717,0.697425845620889,0.194627735730123,0.526779516166124,-2.44223254525795,5,3
-0.0334311668458094,1.34886226055615,1.11573597288536,-0.805964610415501,-0.267788978475446,-0.912755985225565,5,3
0.457514365610855,1.42342627234836,0.0684402680533866,-0.683969837219491,-0.952565552636065,0.657970434341659,6,3
-1.06907464394488,0.142700337513162,2.00398746466633,-1.0882734571836,-1.16070717020789,-0.27047481962647,4,3
0.308228870905377,1.22171091418113,-0.416892914693802,-1.154110204406,-0.809593416775331,-0.46923003134681,5,3
0.0451336194275348,0.869675080612874,1.76262335798589,-1.60539080938266,-1.03979667568645,-0.176430501804688,5,3
-1.02596339147255,0.354134391083667,-1.43496020108433,1.49797347014391,-0.210212787006749,-1.95588721616898,6,4
0.174716369388182,0.356905328437052,0.879926552027977,-0.583599121275958,-0.219796915610143,-0.490926466631017,6,3
-0.126627770246367,0.367319383421759,0.367390865057091,1.27946349513002,-0.496466356816639,0.0949637319132092,6,3
-0.126627770246367,0.367319383421759,0.367390865057091,1.27946349513002,-0.496466356816639,0.0949637319132092,6,3
-0.675736578376294,1.04645049518209,1.81322710601843,-0.39482283826907,-0.391179537298329,0.466082939958797,5,3
0.256127524830402,1.62730781130506,-1.06208534455075,-1.23569364303024,-1.07100686412777,0.203374204610766,5,3
0.256127524830402,1.62730781130506,-1.06208534455075,-1.23569364303024,-1.07100686412777,0.203374204610766,5,3
0.288558660396961,2.21987718680067,-0.0378318739104563,-1.24095702377782,-0.515797480189642,-1.5971384111511,5,3
0.789457188826473,2.61950433053709,-1.14906468322786,0.366799974637899,-2.72825192619171,1.69861513438832,5,3
0.186079799221454,1.02635621986944,1.33128275152937,-0.128076973212685,0.682059909015374,-1.49547486906706,5,3
0.186079799221454,1.02635621986944,1.33128275152937,-0.128076973212685,0.682059909015374,-1.49547486906706,5,3
0.021339923244917,1.76317432608522,-1.81576186126132,-1.8972741367634,-1.16347838888176,-0.110900290402417,5,3
-1.66018464758393,-0.68648507137902,-0.182388824337856,1.32903725477823,-1.03187829229025,-0.652509500933803,6,4
0.403550463025906,0.479662616835132,0.856713932537953,1.30120924268883,-0.638905558244917,-1.06975110764307,5,3
-0.508951461092601,0.0354549396125809,1.90876283172509,-1.90498695782751,-0.283690909458093,-0.00768028989768885,5,3
0.310206875717306,0.754464037520287,-0.0721656136042463,-0.974304344129292,-0.885521869638602,-0.113851101289065,5,3
0.565466024318395,0.688737627209988,1.78956820514644,0.00512176630016184,1.52213879794046,-0.382976676330267,6,4
0.566075800415052,0.635868054992029,1.73886494514867,-0.0489903232662588,1.51554517660758,-0.234879716429523,5,3
0.207258382287301,1.32420616270502,-0.685203224669487,-1.22716471757299,-0.836865270410431,-0.11043871321147,5,3
-0.231351219106715,0.671555392941491,0.494106082354511,0.997316307272345,0.751267620605074,-0.332927519623929,7,3
-0.598628666240959,-0.0918862488590214,0.552578223354697,1.32536024488579,0.547968346682351,0.864763601249515,6,4
0.264680143099956,-2.05883455352756,-0.103876605614243,0.824555849449319,1.03449010098248,0.898685728629495,6,5
1.01016208925259,0.43221625952296,-0.0790549634078162,1.32679830804248,-0.0441085714352335,-0.00864975306599665,6,4
0.387441730050362,-1.62948044991585,-0.880233358492226,0.179295117996754,1.35832703280759,0.375148958218413,7,4
-1.10067934106471,-0.000844064805083186,-2.17748140557427,0.751260045549012,2.35589648252824,0.929213890940607,6,4
-1.10067934106471,-0.000844064805083186,-2.17748140557427,0.751260045549012,2.35589648252824,0.929213890940607,6,4
-1.64800566951277,0.52865504660739,1.73781234648673,0.86973340250528,-1.46763206106225,-0.471903950609503,6,3
0.0532127223628392,-0.581760815135943,0.226514730587933,1.54886565248955,1.03958606023669,-0.0913742238015512,6,4
1.76030362553135,0.570766766959438,-0.68031161924347,-0.137692295608487,1.18408381278588,-0.953079783066839,5,3
2.5306111041986,-0.748753590889845,0.743351991535687,0.271825338164883,1.54891247384943,0.468154618439995,5,4
-0.767844116584228,-0.0286807473510508,0.762658123492654,0.526553292389847,3.36954382110362,0.897997928722505,5,4
2.5306111041986,-0.748753590889845,0.743351991535687,0.271825338164883,1.54891247384943,0.468154618439995,5,4
0.17133787139596,-1.280086958816,-1.09218996929666,1.05698724831623,-0.246640500334591,0.215580391026843,7,5
-0.0481919816436593,0.280275068710527,1.84962115729813,-1.4485447618153,-0.543853918095706,-0.395766617355605,5,3
-0.0481919816436593,0.280275068710527,1.84962115729813,-1.4485447618153,-0.543853918095706,-0.395766617355605,5,3
0.193760321738066,0.740121261081713,-0.399474872027785,-1.65579859499373,0.874969041170721,-0.388119692260835,5,3
-0.519021951393336,0.263620092717357,-1.87949044932574,0.636502558208961,1.20129749744631,0.0898149840570439,6,4
1.10690236740819,-0.689802156078981,0.67574822129381,-1.39337892076834,1.85054562702099,-0.491046533462147,6,4
1.10690236740819,-0.689802156078981,0.67574822129381,-1.39337892076834,1.85054562702099,-0.491046533462147,6,4
0.122325126630297,-1.43130601696002,-1.40127505287193,-0.542492769674335,0.315943811846231,1.40411425075294,6,4
0.570004263845897,-0.543511545607457,0.582721069364608,0.81638824230275,-1.00356804660011,-0.69977771245421,5,3
-0.358578014945938,0.65720195559975,-0.553279944795352,-0.29047735605241,-0.0287535919860593,0.840069860756449,5,3
0.525318478848295,-1.42741421063317,-2.82465324510631,-0.26735704369172,1.31886247355074,1.53297139731732,5,4
-0.0720229580950555,-0.217552684674818,-0.24776648585204,-0.853150286126832,0.330894157066989,0.245695025435147,5,3
0.457096021860568,0.377050337415551,-0.245316415790631,-1.11662088054624,-0.696139751686497,0.250360846245265,6,3
-1.40313235329965,-1.94240002416191,0.618507035965406,0.63398683384358,1.81253853737813,1.41382266316604,6,4
-0.369342374961196,-0.506634677876499,0.289862046249767,-0.0595768938223802,1.65878930689104,-0.210291141867159,7,4
-0.858220666952578,-0.104217138341008,1.81515616143881,-0.494384425111045,-0.113040309362399,1.46962895914461,5,3
-0.462459559692041,1.02600932217408,-1.58585106426554,-0.0100554289735229,-0.323477082755307,0.952961888463302,6,3
0.162414647974998,-1.30540635358773,-0.217520559269415,-0.263652849329173,0.0293756480858045,0.237315827455969,7,4
-0.181186613917837,0.676580619935324,0.222521575577673,0.427005503841758,1.92824320427857,0.454064361718414,5,3
-1.05435256230402,-0.873410794949565,0.909622609091699,-0.505113227749285,-1.43141772843565,0.30750246589433,5,4
-0.4662402117743,1.01470242674998,-1.5900456723659,0.00140573439217079,-0.338823071094632,0.948361435208505,6,3
-0.181186613917837,0.676580619935324,0.222521575577673,0.427005503841758,1.92824320427857,0.454064361718414,5,3
-0.280182532782046,1.00592985696639,-0.0607255379102781,0.28471458632202,1.84041721573505,0.449989290278916,5,3
-0.313124755559215,1.25563992110644,-1.3737654409049,-0.40099818230064,1.69086551633425,0.395229794993295,5,3
0.0952687107845586,-1.43413835443469,-0.288831898218728,-0.237689504872264,0.190375423095796,0.746744891510622,8,5
0.162414647974998,-1.30540635358773,-0.217520559269415,-0.263652849329173,0.0293756480858045,0.237315827455969,7,4
1.55445099414017,-0.464582913332656,0.0931354409835865,2.03109184663896,0.725095135450038,-2.29804070659253,7,4
-1.11369809600198,-0.208105256974563,-1.63078106553209,-0.0790550604762428,0.150097935942362,0.881065052958072,7,4
0.403959046172307,1.25698088927814,-1.07082516830763,-1.40379057553059,0.659673540818484,0.465082907500087,5,3
2.591692520897,-0.763885463864115,0.55003550838361,0.418150040658926,0.139361470483576,1.27183260999156,6,4
-1.62861263472066,-0.0209591451295433,1.2171576868149,0.318347562652064,0.503295478660347,2.05989025663341,6,3
-1.5285996213628,0.485182305083903,-1.7094167997626,-2.3078757060887,-1.49030771204723,1.19292976396965,6,3
0.403959046172307,1.25698088927814,-1.07082516830763,-1.40379057553059,0.659673540818484,0.465082907500087,5,3
0.522509947601986,-1.02465750856724,0.61290848520679,-0.778067539540256,0.441062945710716,-0.195622117279524,5,4
0.143189076891304,-2.49703363350588,0.0813921504472793,-0.202181710705922,0.772698500033563,0.199101105755546,7,5
-0.341709947293166,0.435471726491493,-1.60297042716732,-0.115620520263505,0.611194119224199,1.73404159148856,6,3
-1.07759287760218,0.585139511423435,1.35003911346677,1.23091266013493,1.02024849971183,1.63086322917604,4,3
-0.447831286901969,0.606187544558422,0.523871756583714,0.568450357204834,-0.293143219296094,0.221493975377698,6,3
-0.485397589118971,0.660717722430331,0.417595086935963,0.595301091313141,-1.02145640301818,0.05760762110459,6,3
-0.645232194079077,0.701317312580992,-0.970661105927969,-1.09244422330796,1.17420746542007,1.22953106388758,5,3
-0.645232194079077,0.701317312580992,-0.970661105927969,-1.09244422330796,1.17420746542007,1.22953106388758,5,3
0.417995729683886,0.371810644765508,-1.0879196518764,-0.772802668412091,0.393826433403324,1.34427044486055,7,3
-1.03526671476129,1.22503361252159,0.486015661324068,1.51247400626529,-0.427818330545591,1.93304966245277,4,3
0.417995729683886,0.371810644765508,-1.0879196518764,-0.772802668412091,0.393826433403324,1.34427044486055,7,3
-0.440240633332918,1.63800496593244,0.481948480829851,-0.082271937023145,-0.252869695013671,2.69075892671726,3,3
1.05426505977687,0.61767116076176,1.87319402681171,-2.35584363722148,-1.04792425090446,0.209630409328282,5,3
1.05190221256237,-0.810233610250363,-1.35892994890003,0.991781603977386,0.353019624666099,-0.0410332356208508,6,4
-1.16012443998137,0.0559211789880418,0.285980225685669,-0.537517015462188,-0.737308459583867,-0.396060440197583,5,3
-1.92040168661002,-1.74740726612219,-1.97314633701695,1.37829050404222,-0.267506823098398,0.614940024002266,7,5
-1.92418233869227,-1.75871416154629,-1.97734094511732,1.38975166740792,-0.282852811437723,0.610339570747469,7,5
2.02926538282729,-0.101227612009889,-0.0761422389616666,2.08370358029961,0.117130230820295,-2.18737809381841,5,5
-1.39821493613753,0.235673048683927,1.2725971555742,0.364860122411347,1.74081142901736,-0.950288231281744,4,3
2.02926538282729,-0.101227612009889,-0.0761422389616666,2.08370358029961,0.117130230820295,-2.18737809381841,5,5
1.23918307934122,0.438324238443249,1.37709333434577,0.777390973706276,0.144647056483739,-2.87424931189775,4,3
0.119688958657836,-1.78149693385579,0.821394443915901,-1.33505725917782,0.278529495734537,1.47097535799074,5,4
-1.07882321775323,0.176361705274274,1.46944398573807,1.41802527470754,0.481057275635379,1.80701876677272,4,3
-0.119917542469492,0.63001356943272,1.10854831959697,0.101634791428058,0.0805048217580605,0.346851452779662,5,3
-0.305329046059703,0.174206726799262,0.877116655732895,0.368837974515407,-0.003629073018168,0.505387415424942,5,3
-1.04480925230195,-0.362539369756422,0.602635199475414,1.03617407389991,1.68068041757265,0.520159222241693,5,4
-1.99560162972272,-0.896703168527047,0.971457169248693,0.612359677014476,0.537714766760258,0.766232837970935,5,3
-0.939832877907842,-1.08113482094228,0.813082393978903,0.929992874831496,0.914785664051855,1.56854375769165,6,4
-1.99560162972272,-0.896703168527047,0.971457169248693,0.612359677014476,0.537714766760258,0.766232837970935,5,3
-1.89432227822492,-0.918124632608298,1.04035645511522,0.148752938162133,-0.505455098289494,0.916596791928868,5,4
-0.694168139754893,-0.672120475848794,0.159076220090137,-1.17556794704369,1.72585942253792,-0.409137288419873,7,3
-0.276499488403905,-0.407329553672448,-0.0232785142096594,0.38270929253365,1.58823163298132,-0.686331800165575,6,4
-1.01546538940054,-0.351655820933163,0.924268104048633,1.41541173355373,-0.43646758581193,1.74368449842776,6,3
-1.01167513443344,0.615517445673539,1.31638345134607,1.69884676517936,-0.114396822265108,1.21159593778511,6,3
-1.01546538940054,-0.351655820933163,0.924268104048633,1.41541173355373,-0.43646758581193,1.74368449842776,6,3
-0.397236569871726,0.578554465014304,1.69016614915462,-1.06952032999805,0.239135124131801,0.216884318142276,5,3
0.271545697261184,1.08236749580217,0.0367746942504278,-0.0162761039437063,-0.583295128154252,0.202532209389963,5,3
0.0313387614861891,-0.723985505945603,0.402018449384151,1.66379985085617,0.346487825794621,-0.855926654398812,6,4
1.09815627357117,-0.475968840812239,0.783364060921269,0.929457469894893,-0.809178192429603,-3.09808094828424,6,4
-0.839517044848053,0.624686753960257,1.44682477227953,0.803305105672825,1.34523725998951,0.15964263917554,3,3
-0.902361651551758,0.198260551872242,1.21483257490423,1.29780616355586,0.671345906996871,0.817386705626443,6,3
1.09815627357117,-0.475968840812239,0.783364060921269,0.929457469894893,-0.809178192429603,-3.09808094828424,6,4
1.16863607171742,-0.828097141734442,-0.425066202614456,0.165619372280533,1.11635189476785,-0.391991243851374,6,4
0.378465331606191,-1.96552303505994,0.23565597692823,-0.751766110877352,0.197670846764347,-0.487046859760303,5,5
-0.244386677870806,-0.256199875280589,-1.14697485070661,-0.106655344902137,1.65815744597305,1.92019836050575,6,3
-0.333094617119943,0.786008943812321,0.321488432264447,0.551809281483486,1.18377100932151,1.35008428484638,5,3
-0.99944181081798,0.37820276932402,0.851040602932872,1.27211146139461,0.658430890008059,1.55625331297423,6,3
-0.783515855096079,0.245666508246236,-0.302731091946389,-0.937993366858211,-0.424694884214186,-0.853676149057695,6,3
0.174973501776118,-0.604255177126242,-1.6699820247587,1.01590466428748,2.39842782809744,0.0297670782556431,5,4
-0.647652816808524,-0.0886645185858096,-1.07426774810144,0.0386826335207114,1.561927764217,0.973417341647359,6,4
1.17204425476847,0.234178870213074,0.73551341281874,0.816238791248926,0.243436256537339,-3.09873019884904,5,4
0.0520847876860508,1.51725805065386,0.618298202457837,1.77146298320715,0.0452696475992549,-1.66894083892988,5,3
-0.647652816808524,-0.0886645185858096,-1.07426774810144,0.0386826335207114,1.561927764217,0.973417341647359,6,4
0.00741944863531204,0.796954490944645,1.25747214907692,-0.923197439531583,-0.0530765334355802,-0.892573329163656,4,3
0.174973501776118,-0.604255177126242,-1.6699820247587,1.01590466428748,2.39842782809744,0.0297670782556431,5,4
-0.131506688705982,0.467567485218584,-1.02353643978661,-0.822163899557934,-0.164205172974948,-0.274805547978511,5,3
-0.247887783560386,-0.0358638094449864,-0.776894463807901,-0.0870263049604394,1.52274372064601,-0.395727812222178,6,3
-0.286283758061073,0.211850962264141,0.0830799993074503,-0.372316844761954,0.560769830878996,0.720337887962172,5,3
-0.151138756419623,0.2618934989883,-0.0127855773664133,-0.335772119310412,0.482420852111599,0.790447323769807,6,3
-0.406303948668364,-0.299176414334512,0.447747132755808,-0.426816013087117,0.465090379565379,0.0631029539276153,6,4
1.38180890239566,0.256537913941485,-0.906566248728924,-0.267638191965417,0.513048358454393,-1.74234375746524,6,3
-0.686473300110308,1.13104980667586,-1.31892134220602,-0.458766630185132,0.0878051875415063,1.68521158785715,6,3
-0.671530983398246,-0.91426572481258,0.392958007183557,0.85731369804293,0.180061014812675,0.150945043034761,6,4
-0.520845994480479,0.950729262291662,0.283161990892855,2.39564831346043,0.541348411981104,0.0679436757034137,5,3
0.00854970730149823,-0.180418437862267,0.28824229283298,-0.580610064233408,0.52846167698154,1.42930079006762,6,3
0.564949395178236,1.10813327108034,-1.4470840908187,-1.57504017150024,0.895208337516042,0.395163632245665,5,3
-0.807242397421197,-0.558562126732934,0.0992418804492854,1.02749291838045,-0.926070609877408,0.293845782860639,7,3
-0.0598592488769513,0.620393413836439,0.368367712584853,0.00260829727363131,0.226896389868811,0.139673605681546,6,3
-0.98149884487346,0.475996282625456,-0.579220847194244,0.292157543908456,1.33858830403545,-0.415033065218106,6,3
-1.24029455513725,0.0967320431964777,-0.0190875987527808,-0.0965078282232654,0.80548763898311,0.788392642563178,6,4
-0.893540912832406,0.0969330284942159,0.0602869896500097,2.16794168849637,-0.370377374196677,-0.592751069156118,5,4
0.167564968309401,0.0887606144496983,-1.6578206316132,-0.720125825097381,1.98346496067622,0.845839461958078,5,4
0.281608068458162,-0.961541443819309,-0.994098045346521,0.127747183021721,0.87335828237817,1.05109155079961,7,4
-1.06332624706204,0.833369291711092,-0.0940728426261043,-0.472225704235032,-0.696591506205822,1.48654840025574,6,3
1.57116622968727,-0.460080069609869,0.527975863234271,-0.322578005219004,-0.558915269505593,1.49934436644159,6,4
1.00438820215172,-1.55776180887881,-0.119032479593955,0.407002754030527,0.211090248717421,0.65246698721422,7,4
-0.341006079565224,-0.200910603018637,0.299418738787562,-0.596418624334645,0.449002222140443,1.10317783702411,6,3
-0.423867876620822,0.389002117694945,0.440203949539017,-0.0196153587175433,0.400798003788504,0.338401219761493,5,3
-1.89754706467068,-0.970567436423694,0.540383314681819,-0.290689084352845,-0.958705312472716,0.887587331274734,5,4
2.35466300121185,0.313577894190701,-0.140529687421179,-0.983765646915928,-0.607282242159515,-1.02894533072619,5,3
0.102705597296919,-1.18261226845717,-0.137958277837996,-0.532433078035504,0.0149157517583342,-0.813722454609806,8,4
-0.0581249615875573,1.64843272270464,0.763838727004116,0.758665109858457,0.505325874245989,0.00882241837458333,5,3
-0.0882567645074705,1.57452722215227,0.66715215965045,0.621132925823604,0.543835544917818,0.289789907146259,5,3
-0.079114576040871,1.48230106003742,0.643873627108254,0.592536642148517,0.885271701188159,0.767702277178962,5,3
-1.04502881253311,0.655991665235548,0.583839376236955,1.68782696194829,-0.126004169416462,1.757873598918,6,3
-0.589026557025454,-0.372598213218107,0.328670650276911,-0.177182790247551,0.942515964902177,0.503935680652505,7,4
-0.90706806999277,1.08517146770677,1.10233505553293,1.01289803696458,0.321544231826588,1.55685442260507,5,3
-1.04502881253311,0.655991665235548,0.583839376236955,1.68782696194829,-0.126004169416462,1.757873598918,6,3
-0.196224211988984,0.543747054251067,1.05992527129045,-0.165035334956077,-0.341487973254773,0.231566489770453,5,3
-0.196224211988984,0.543747054251067,1.05992527129045,-0.165035334956077,-0.341487973254773,0.231566489770453,5,3
-0.196224211988984,0.543747054251067,1.05992527129045,-0.165035334956077,-0.341487973254773,0.231566489770453,5,3
-0.913911195188568,-0.103119544712194,-0.740880860238063,0.337243140763426,1.2668071661484,1.39868505988267,6,4
0.508921713122632,-1.55346749654945,-1.55185226367924,-0.787752706638301,-0.0803616783335978,-0.221039157850585,6,4
-0.196224211988984,0.543747054251067,1.05992527129045,-0.165035334956077,-0.341487973254773,0.231566489770453,5,3
-0.146750125658877,0.956621349156768,-0.0170995298846991,-1.38648228407463,1.04132074434699,0.107553539300975,5,3
-1.23256307384558,-0.651103392590932,0.0705352850106637,-0.0885986404213669,-0.54595960680456,0.493011264364743,6,4
0.083359313045375,1.80896503993242,-1.63395664210325,-1.34057288205612,-0.897240100214311,1.30605314077933,5,3
-0.981362052341267,-0.369179730986917,-0.610239316957244,1.84121604332531,-0.545566142640529,-0.560978307231682,6,4
0.122547512820562,-1.21377695515727,0.222300645736476,0.287211637289951,-1.05779181520034,0.661443938199861,6,4
1.08229574562003,-1.31310672682285,-0.390311454373538,-0.740579352601864,1.23795268201014,-1.16474677089579,6,4
-0.135327304961025,0.583255969362758,0.65956309303477,1.08841780254783,0.72403448089292,-3.17972809905313,6,4
-1.55985144622418,-0.454992515370916,-0.313966835539427,-0.361380534586577,0.0848575208173658,0.946466446287248,5,4
0.0792871400814099,-1.16559637862385,0.130676223657539,0.715004154507907,-1.16418940230771,-0.44922466528013,6,5
-1.55985144622418,-0.454992515370916,-0.313966835539427,-0.361380534586577,0.0848575208173658,0.946466446287248,5,4
-1.5817748710678,-0.203719944939592,0.34026405201131,1.51785666263367,-1.82142702616669,1.22339605494565,5,4
-0.00692164078820794,1.02688875741414,-1.83593174117989,-1.20875194499416,0.00466467176784781,0.00650269211868118,5,3
0.279746084366742,-1.43377085115143,-1.26269897166211,0.466124807431099,0.0523111228358174,0.270513608096761,7,5
0.489493946807402,-1.10512600032148,-1.41144231512158,0.981518215634609,0.0713704287278173,0.32154628831999,6,4
0.362587016590528,-0.97147913474002,-2.28856270694194,0.287957884629795,0.442743650419305,0.33834979813318,6,4
-1.24170689117912,-0.121354294251823,0.0614563941535169,0.330286339240264,0.818157154053334,0.256010032106393,6,4
-0.249249419952223,-0.17948353726783,-2.63487525622746,0.688687278771853,-1.4460518149591,0.793735437908587,6,4
-0.789079088999238,-0.73169452604073,-0.8677864999209,0.0982965386526572,0.712288780065714,-0.675241357640872,6,4
-1.72254173630159,0.398570031544558,0.450821602978044,0.869676709764586,0.166563578788419,-1.60850348781588,6,4
-0.386586263195101,0.122760878317319,-1.06801330553092,0.841723218203797,0.735941972581049,-0.0683771761349271,6,4
-0.326791152052952,0.538240044474377,-0.649094098103246,0.0613703911901442,2.32256210284889,1.22464029213247,6,4
-0.764670145088643,1.03091676003805,-0.703111295189812,-0.0943343660871588,0.100887466798127,-1.16748833107565,5,3
-1.09229384041749,0.0915470524771018,-1.85705464057403,0.560800770394831,0.796676741358221,0.925357812138613,6,3
-0.386586263195101,0.122760878317319,-1.06801330553092,0.841723218203797,0.735941972581049,-0.0683771761349271,6,4
-0.973978394487575,0.747798438379223,-0.974893994212664,0.387548517992443,1.34891301270782,0.196936385560285,5,3
0.59166469944611,-0.453987095897772,-1.1462426166475,2.22618076515455,-1.42076858555296,-0.0204633574708572,6,4
